product_id,product_name,category,sub_category,unit_price,unit_cost,supplier
PRD00001,Cameras Electronics Model-1,Electronics,Cameras,32460.74,22073.3,Global Electronics Supply Co
PRD00002,Mobiles Electronics Model-2,Electronics,Mobiles,66493.82,45215.8,TechDistro Pvt Ltd
PRD00003,Smartwatches Electronics Model-3,Electronics,Smartwatches,14102.7,9589.84,Global Electronics Supply Co
PRD00004,Laptops Electronics Model-4,Electronics,Laptops,29030.86,19740.98,TechDistro Pvt Ltd
PRD00005,Laptops Electronics Model-5,Electronics,Laptops,2728.12,1855.12,TechDistro Pvt Ltd
PRD00006,Mobiles Electronics Model-6,Electronics,Mobiles,79838.37,54290.09,TechDistro Pvt Ltd
PRD00007,Laptops Electronics Model-7,Electronics,Laptops,16405.16,11155.51,Global Electronics Supply Co
PRD00008,Smartwatches Electronics Model-8,Electronics,Smartwatches,1592.58,1082.95,TechDistro Pvt Ltd
PRD00009,Cameras Electronics Model-9,Electronics,Cameras,52395.26,35628.78,TechDistro Pvt Ltd
PRD00010,Laptops Electronics Model-10,Electronics,Laptops,82795.44,56300.9,TechDistro Pvt Ltd
PRD00011,Mobiles Electronics Model-11,Electronics,Mobiles,66954.57,45529.11,Global Electronics Supply Co
PRD00012,Cameras Electronics Model-12,Electronics,Cameras,83591.38,56842.14,Global Electronics Supply Co
PRD00013,Cameras Electronics Model-13,Electronics,Cameras,52033.38,35382.7,Global Electronics Supply Co
PRD00014,Cameras Electronics Model-14,Electronics,Cameras,2113.27,1437.02,Global Electronics Supply Co
PRD00015,Headphones Electronics Model-15,Electronics,Headphones,68905.19,46855.53,TechDistro Pvt Ltd
PRD00016,Headphones Electronics Model-16,Electronics,Headphones,20394.31,13868.13,Global Electronics Supply Co
PRD00017,Laptops Electronics Model-17,Electronics,Laptops,11250.33,7650.22,TechDistro Pvt Ltd
PRD00018,Cameras Electronics Model-18,Electronics,Cameras,15561.8,10582.02,Global Electronics Supply Co
PRD00019,Mobiles Electronics Model-19,Electronics,Mobiles,56651.53,38523.04,TechDistro Pvt Ltd
PRD00020,Laptops Electronics Model-20,Electronics,Laptops,18466.31,12557.09,TechDistro Pvt Ltd
PRD00021,Headphones Electronics Model-21,Electronics,Headphones,82445.08,56062.65,Global Electronics Supply Co
PRD00022,Laptops Electronics Model-22,Electronics,Laptops,34192.01,23250.57,Global Electronics Supply Co
PRD00023,Mobiles Electronics Model-23,Electronics,Mobiles,78437.36,53337.4,Global Electronics Supply Co
PRD00024,Mobiles Electronics Model-24,Electronics,Mobiles,44749.6,30429.73,Global Electronics Supply Co
PRD00025,Mobiles Electronics Model-25,Electronics,Mobiles,33648.28,22880.83,Global Electronics Supply Co
PRD00026,Laptops Electronics Model-26,Electronics,Laptops,50286.68,34194.94,TechDistro Pvt Ltd
PRD00027,Cameras Electronics Model-27,Electronics,Cameras,46586.01,31678.49,TechDistro Pvt Ltd
PRD00028,Mobiles Electronics Model-28,Electronics,Mobiles,14881.59,10119.48,TechDistro Pvt Ltd
PRD00029,Cameras Electronics Model-29,Electronics,Cameras,65868.33,44790.46,TechDistro Pvt Ltd
PRD00030,Cameras Electronics Model-30,Electronics,Cameras,2181.72,1483.57,Global Electronics Supply Co
PRD00031,Mobiles Electronics Model-31,Electronics,Mobiles,62236.33,42320.7,TechDistro Pvt Ltd
PRD00032,Headphones Electronics Model-32,Electronics,Headphones,78809.2,53590.26,TechDistro Pvt Ltd
PRD00033,Smartwatches Electronics Model-33,Electronics,Smartwatches,73500.55,49980.37,Global Electronics Supply Co
PRD00034,Cameras Electronics Model-34,Electronics,Cameras,9013.55,6129.21,TechDistro Pvt Ltd
PRD00035,Mobiles Electronics Model-35,Electronics,Mobiles,28314.72,19254.01,TechDistro Pvt Ltd
PRD00036,Mobiles Electronics Model-36,Electronics,Mobiles,24075.91,16371.62,Global Electronics Supply Co
PRD00037,Smartwatches Electronics Model-37,Electronics,Smartwatches,11045.04,7510.63,TechDistro Pvt Ltd
PRD00038,Laptops Electronics Model-38,Electronics,Laptops,61625.0,41905.0,Global Electronics Supply Co
PRD00039,Mobiles Electronics Model-39,Electronics,Mobiles,42478.32,28885.26,TechDistro Pvt Ltd
PRD00040,Laptops Electronics Model-40,Electronics,Laptops,10313.94,7013.48,Global Electronics Supply Co
PRD00041,Mobiles Electronics Model-41,Electronics,Mobiles,3639.08,2474.57,TechDistro Pvt Ltd
PRD00042,Laptops Electronics Model-42,Electronics,Laptops,48314.71,32854.0,TechDistro Pvt Ltd
PRD00043,Laptops Electronics Model-43,Electronics,Laptops,21939.8,14919.06,TechDistro Pvt Ltd
PRD00044,Mobiles Electronics Model-44,Electronics,Mobiles,18056.35,12278.32,Global Electronics Supply Co
PRD00045,Smartwatches Electronics Model-45,Electronics,Smartwatches,25338.41,17230.12,Global Electronics Supply Co
PRD00046,Laptops Electronics Model-46,Electronics,Laptops,53445.36,36342.84,TechDistro Pvt Ltd
PRD00047,Mobiles Electronics Model-47,Electronics,Mobiles,39348.36,26756.88,TechDistro Pvt Ltd
PRD00048,Mobiles Electronics Model-48,Electronics,Mobiles,75974.85,51662.9,TechDistro Pvt Ltd
PRD00049,Smartwatches Electronics Model-49,Electronics,Smartwatches,11254.51,7653.07,Global Electronics Supply Co
PRD00050,Mobiles Electronics Model-50,Electronics,Mobiles,10243.47,6965.56,TechDistro Pvt Ltd
PRD00051,Laptops Electronics Model-51,Electronics,Laptops,1042.71,709.04,TechDistro Pvt Ltd
PRD00052,Mobiles Electronics Model-52,Electronics,Mobiles,1582.99,1076.43,TechDistro Pvt Ltd
PRD00053,Smartwatches Electronics Model-53,Electronics,Smartwatches,41725.2,28373.14,TechDistro Pvt Ltd
PRD00054,Headphones Electronics Model-54,Electronics,Headphones,29359.01,19964.13,Global Electronics Supply Co
PRD00055,Laptops Electronics Model-55,Electronics,Laptops,19375.41,13175.28,TechDistro Pvt Ltd
PRD00056,Cameras Electronics Model-56,Electronics,Cameras,31544.25,21450.09,TechDistro Pvt Ltd
PRD00057,Mobiles Electronics Model-57,Electronics,Mobiles,21736.84,14781.05,Global Electronics Supply Co
PRD00058,Cameras Electronics Model-58,Electronics,Cameras,26273.08,17865.69,TechDistro Pvt Ltd
PRD00059,Smartwatches Electronics Model-59,Electronics,Smartwatches,23408.87,15918.03,Global Electronics Supply Co
PRD00060,Headphones Electronics Model-60,Electronics,Headphones,5323.27,3619.82,TechDistro Pvt Ltd
PRD00061,Cameras Electronics Model-61,Electronics,Cameras,54285.15,36913.9,TechDistro Pvt Ltd
PRD00062,Laptops Electronics Model-62,Electronics,Laptops,42113.52,28637.19,Global Electronics Supply Co
PRD00063,Headphones Electronics Model-63,Electronics,Headphones,50786.12,34534.56,TechDistro Pvt Ltd
PRD00064,Laptops Electronics Model-64,Electronics,Laptops,20960.79,14253.34,Global Electronics Supply Co
PRD00065,Laptops Electronics Model-65,Electronics,Laptops,40504.72,27543.21,TechDistro Pvt Ltd
PRD00066,Mobiles Electronics Model-66,Electronics,Mobiles,69580.09,47314.46,Global Electronics Supply Co
PRD00067,Mobiles Electronics Model-67,Electronics,Mobiles,27944.85,19002.5,Global Electronics Supply Co
PRD00068,Cameras Electronics Model-68,Electronics,Cameras,73102.0,49709.36,TechDistro Pvt Ltd
PRD00069,Headphones Electronics Model-69,Electronics,Headphones,2392.39,1626.83,TechDistro Pvt Ltd
PRD00070,Cameras Electronics Model-70,Electronics,Cameras,30287.29,20595.36,Global Electronics Supply Co
PRD00071,Laptops Electronics Model-71,Electronics,Laptops,59038.46,40146.15,TechDistro Pvt Ltd
PRD00072,Cameras Electronics Model-72,Electronics,Cameras,71367.49,48529.89,Global Electronics Supply Co
PRD00073,Smartwatches Electronics Model-73,Electronics,Smartwatches,10530.89,7161.01,TechDistro Pvt Ltd
PRD00074,Mobiles Electronics Model-74,Electronics,Mobiles,22666.35,15413.12,TechDistro Pvt Ltd
PRD00075,Headphones Electronics Model-75,Electronics,Headphones,83502.12,56781.44,Global Electronics Supply Co
PRD00076,Smartwatches Electronics Model-76,Electronics,Smartwatches,21314.83,14494.08,TechDistro Pvt Ltd
PRD00077,Mobiles Electronics Model-77,Electronics,Mobiles,47896.21,32569.42,TechDistro Pvt Ltd
PRD00078,Cameras Electronics Model-78,Electronics,Cameras,24424.47,16608.64,Global Electronics Supply Co
PRD00079,Laptops Electronics Model-79,Electronics,Laptops,76357.16,51922.87,Global Electronics Supply Co
PRD00080,Mobiles Electronics Model-80,Electronics,Mobiles,75572.58,51389.35,TechDistro Pvt Ltd
PRD00081,Laptops Electronics Model-81,Electronics,Laptops,14575.97,9911.66,Global Electronics Supply Co
PRD00082,Mobiles Electronics Model-82,Electronics,Mobiles,49777.26,33848.54,TechDistro Pvt Ltd
PRD00083,Headphones Electronics Model-83,Electronics,Headphones,56733.81,38578.99,TechDistro Pvt Ltd
PRD00084,Accessories Fashion Model-84,Fashion,Accessories,1734.52,1179.47,FabricWorld Wholesalers
PRD00085,Footwear Fashion Model-85,Fashion,Footwear,3363.87,2287.43,FabricWorld Wholesalers
PRD00086,Accessories Fashion Model-86,Fashion,Accessories,383.97,261.1,FabricWorld Wholesalers
PRD00087,Women's Fashion Model-87,Fashion,Women's Clothing,3808.26,2589.62,Trendy Textiles Ltd
PRD00088,Men's Fashion Model-88,Fashion,Men's Clothing,3688.14,2507.94,FabricWorld Wholesalers
PRD00089,Men's Fashion Model-89,Fashion,Men's Clothing,739.37,502.77,Trendy Textiles Ltd
PRD00090,Men's Fashion Model-90,Fashion,Men's Clothing,1476.42,1003.97,Trendy Textiles Ltd
PRD00091,Accessories Fashion Model-91,Fashion,Accessories,2146.95,1459.93,Trendy Textiles Ltd
PRD00092,Accessories Fashion Model-92,Fashion,Accessories,2341.09,1591.94,Trendy Textiles Ltd
PRD00093,Footwear Fashion Model-93,Fashion,Footwear,3011.03,2047.5,Trendy Textiles Ltd
PRD00094,Accessories Fashion Model-94,Fashion,Accessories,1381.1,939.15,Trendy Textiles Ltd
PRD00095,Accessories Fashion Model-95,Fashion,Accessories,413.31,281.05,FabricWorld Wholesalers
PRD00096,Men's Fashion Model-96,Fashion,Men's Clothing,4974.38,3382.58,Trendy Textiles Ltd
PRD00097,Men's Fashion Model-97,Fashion,Men's Clothing,4599.78,3127.85,FabricWorld Wholesalers
PRD00098,Men's Fashion Model-98,Fashion,Men's Clothing,4779.39,3249.99,FabricWorld Wholesalers
PRD00099,Accessories Fashion Model-99,Fashion,Accessories,4843.24,3293.4,Trendy Textiles Ltd
PRD00100,Accessories Fashion Model-100,Fashion,Accessories,1683.2,1144.58,Trendy Textiles Ltd
PRD00101,Women's Fashion Model-101,Fashion,Women's Clothing,1788.85,1216.42,Trendy Textiles Ltd
PRD00102,Footwear Fashion Model-102,Fashion,Footwear,2154.44,1465.02,Trendy Textiles Ltd
PRD00103,Footwear Fashion Model-103,Fashion,Footwear,2978.86,2025.62,FabricWorld Wholesalers
PRD00104,Footwear Fashion Model-104,Fashion,Footwear,3454.05,2348.75,Trendy Textiles Ltd
PRD00105,Men's Fashion Model-105,Fashion,Men's Clothing,2735.67,1860.26,Trendy Textiles Ltd
PRD00106,Footwear Fashion Model-106,Fashion,Footwear,4288.6,2916.25,Trendy Textiles Ltd
PRD00107,Women's Fashion Model-107,Fashion,Women's Clothing,1988.97,1352.5,Trendy Textiles Ltd
PRD00108,Men's Fashion Model-108,Fashion,Men's Clothing,2272.39,1545.23,Trendy Textiles Ltd
PRD00109,Footwear Fashion Model-109,Fashion,Footwear,4592.14,3122.66,FabricWorld Wholesalers
PRD00110,Accessories Fashion Model-110,Fashion,Accessories,3250.73,2210.5,FabricWorld Wholesalers
PRD00111,Footwear Fashion Model-111,Fashion,Footwear,3598.95,2447.29,FabricWorld Wholesalers
PRD00112,Footwear Fashion Model-112,Fashion,Footwear,4466.99,3037.55,Trendy Textiles Ltd
PRD00113,Footwear Fashion Model-113,Fashion,Footwear,740.81,503.75,FabricWorld Wholesalers
PRD00114,Footwear Fashion Model-114,Fashion,Footwear,1841.65,1252.32,FabricWorld Wholesalers
PRD00115,Footwear Fashion Model-115,Fashion,Footwear,1646.03,1119.3,FabricWorld Wholesalers
PRD00116,Women's Fashion Model-116,Fashion,Women's Clothing,1475.43,1003.29,Trendy Textiles Ltd
PRD00117,Footwear Fashion Model-117,Fashion,Footwear,1992.26,1354.74,FabricWorld Wholesalers
PRD00118,Men's Fashion Model-118,Fashion,Men's Clothing,3918.74,2664.74,Trendy Textiles Ltd
PRD00119,Footwear Fashion Model-119,Fashion,Footwear,2448.6,1665.05,FabricWorld Wholesalers
PRD00120,Accessories Fashion Model-120,Fashion,Accessories,2232.77,1518.28,Trendy Textiles Ltd
PRD00121,Men's Fashion Model-121,Fashion,Men's Clothing,3712.36,2524.4,Trendy Textiles Ltd
PRD00122,Men's Fashion Model-122,Fashion,Men's Clothing,3658.31,2487.65,Trendy Textiles Ltd
PRD00123,Men's Fashion Model-123,Fashion,Men's Clothing,1572.18,1069.08,Trendy Textiles Ltd
PRD00124,Women's Fashion Model-124,Fashion,Women's Clothing,1478.3,1005.24,Trendy Textiles Ltd
PRD00125,Accessories Fashion Model-125,Fashion,Accessories,4228.94,2875.68,Trendy Textiles Ltd
PRD00126,Men's Fashion Model-126,Fashion,Men's Clothing,1113.66,757.29,FabricWorld Wholesalers
PRD00127,Accessories Fashion Model-127,Fashion,Accessories,1426.24,969.84,FabricWorld Wholesalers
PRD00128,Men's Fashion Model-128,Fashion,Men's Clothing,3402.59,2313.76,FabricWorld Wholesalers
PRD00129,Women's Fashion Model-129,Fashion,Women's Clothing,2727.99,1855.03,FabricWorld Wholesalers
PRD00130,Men's Fashion Model-130,Fashion,Men's Clothing,3174.7,2158.8,Trendy Textiles Ltd
PRD00131,Men's Fashion Model-131,Fashion,Men's Clothing,2959.94,2012.76,FabricWorld Wholesalers
PRD00132,Accessories Fashion Model-132,Fashion,Accessories,366.66,249.33,Trendy Textiles Ltd
PRD00133,Women's Fashion Model-133,Fashion,Women's Clothing,741.63,504.31,Trendy Textiles Ltd
PRD00134,Men's Fashion Model-134,Fashion,Men's Clothing,3606.9,2452.69,FabricWorld Wholesalers
PRD00135,Men's Fashion Model-135,Fashion,Men's Clothing,3887.58,2643.55,FabricWorld Wholesalers
PRD00136,Men's Fashion Model-136,Fashion,Men's Clothing,1113.22,756.99,Trendy Textiles Ltd
PRD00137,Men's Fashion Model-137,Fashion,Men's Clothing,524.93,356.95,FabricWorld Wholesalers
PRD00138,Accessories Fashion Model-138,Fashion,Accessories,511.97,348.14,Trendy Textiles Ltd
PRD00139,Women's Fashion Model-139,Fashion,Women's Clothing,4687.08,3187.21,Trendy Textiles Ltd
PRD00140,Accessories Fashion Model-140,Fashion,Accessories,3514.31,2389.73,Trendy Textiles Ltd
PRD00141,Footwear Fashion Model-141,Fashion,Footwear,3319.01,2256.93,Trendy Textiles Ltd
PRD00142,Men's Fashion Model-142,Fashion,Men's Clothing,3290.73,2237.7,FabricWorld Wholesalers
PRD00143,Footwear Fashion Model-143,Fashion,Footwear,2123.79,1444.18,FabricWorld Wholesalers
PRD00144,Accessories Fashion Model-144,Fashion,Accessories,4112.47,2796.48,FabricWorld Wholesalers
PRD00145,Women's Fashion Model-145,Fashion,Women's Clothing,2114.07,1437.57,FabricWorld Wholesalers
PRD00146,Women's Fashion Model-146,Fashion,Women's Clothing,1270.62,864.02,Trendy Textiles Ltd
PRD00147,Women's Fashion Model-147,Fashion,Women's Clothing,772.76,525.48,Trendy Textiles Ltd
PRD00148,Men's Fashion Model-148,Fashion,Men's Clothing,3205.41,2179.68,FabricWorld Wholesalers
PRD00149,Women's Fashion Model-149,Fashion,Women's Clothing,1798.5,1222.98,FabricWorld Wholesalers
PRD00150,Footwear Fashion Model-150,Fashion,Footwear,1900.28,1292.19,FabricWorld Wholesalers
PRD00151,Accessories Fashion Model-151,Fashion,Accessories,854.49,581.05,FabricWorld Wholesalers
PRD00152,Footwear Fashion Model-152,Fashion,Footwear,4702.18,3197.48,FabricWorld Wholesalers
PRD00153,Men's Fashion Model-153,Fashion,Men's Clothing,4076.16,2771.79,Trendy Textiles Ltd
PRD00154,Men's Fashion Model-154,Fashion,Men's Clothing,2289.74,1557.02,Trendy Textiles Ltd
PRD00155,Footwear Fashion Model-155,Fashion,Footwear,4955.36,3369.64,Trendy Textiles Ltd
PRD00156,Women's Fashion Model-156,Fashion,Women's Clothing,1474.33,1002.54,FabricWorld Wholesalers
PRD00157,Women's Fashion Model-157,Fashion,Women's Clothing,4674.49,3178.65,FabricWorld Wholesalers
PRD00158,Footwear Fashion Model-158,Fashion,Footwear,3494.95,2376.57,FabricWorld Wholesalers
PRD00159,Accessories Fashion Model-159,Fashion,Accessories,783.79,532.98,FabricWorld Wholesalers
PRD00160,Women's Fashion Model-160,Fashion,Women's Clothing,2633.33,1790.66,Trendy Textiles Ltd
PRD00161,Footwear Fashion Model-161,Fashion,Footwear,4508.85,3066.02,Trendy Textiles Ltd
PRD00162,Women's Fashion Model-162,Fashion,Women's Clothing,4805.1,3267.47,Trendy Textiles Ltd
PRD00163,Accessories Fashion Model-163,Fashion,Accessories,1800.09,1224.06,Trendy Textiles Ltd
PRD00164,Men's Fashion Model-164,Fashion,Men's Clothing,2567.33,1745.78,Trendy Textiles Ltd
PRD00165,Footwear Fashion Model-165,Fashion,Footwear,2407.14,1636.86,FabricWorld Wholesalers
PRD00166,Accessories Fashion Model-166,Fashion,Accessories,2901.96,1973.33,FabricWorld Wholesalers
PRD00167,Cookware Home Model-167,Home & Kitchen,Cookware,19830.95,13485.05,KitchenCraft Suppliers
PRD00168,Home Home Model-168,Home & Kitchen,Home Decor,23286.97,15835.14,HomeEssentials Pvt Ltd
PRD00169,Cookware Home Model-169,Home & Kitchen,Cookware,13827.87,9402.95,HomeEssentials Pvt Ltd
PRD00170,Cookware Home Model-170,Home & Kitchen,Cookware,13738.26,9342.02,KitchenCraft Suppliers
PRD00171,Storage Home Model-171,Home & Kitchen,Storage,3745.34,2546.83,KitchenCraft Suppliers
PRD00172,Cookware Home Model-172,Home & Kitchen,Cookware,21698.21,14754.78,KitchenCraft Suppliers
PRD00173,Cookware Home Model-173,Home & Kitchen,Cookware,17583.74,11956.94,HomeEssentials Pvt Ltd
PRD00174,Home Home Model-174,Home & Kitchen,Home Decor,22318.94,15176.88,HomeEssentials Pvt Ltd
PRD00175,Cookware Home Model-175,Home & Kitchen,Cookware,2303.06,1566.08,KitchenCraft Suppliers
PRD00176,Cookware Home Model-176,Home & Kitchen,Cookware,21605.7,14691.88,KitchenCraft Suppliers
PRD00177,Furniture Home Model-177,Home & Kitchen,Furniture,23691.71,16110.36,HomeEssentials Pvt Ltd
PRD00178,Home Home Model-178,Home & Kitchen,Home Decor,8884.76,6041.64,HomeEssentials Pvt Ltd
PRD00179,Cookware Home Model-179,Home & Kitchen,Cookware,19473.02,13241.65,KitchenCraft Suppliers
PRD00180,Cookware Home Model-180,Home & Kitchen,Cookware,6367.61,4329.97,KitchenCraft Suppliers
PRD00181,Storage Home Model-181,Home & Kitchen,Storage,12416.6,8443.29,KitchenCraft Suppliers
PRD00182,Storage Home Model-182,Home & Kitchen,Storage,14372.1,9773.03,HomeEssentials Pvt Ltd
PRD00183,Cookware Home Model-183,Home & Kitchen,Cookware,3113.77,2117.36,HomeEssentials Pvt Ltd
PRD00184,Storage Home Model-184,Home & Kitchen,Storage,17089.46,11620.83,KitchenCraft Suppliers
PRD00185,Cookware Home Model-185,Home & Kitchen,Cookware,9496.17,6457.4,KitchenCraft Suppliers
PRD00186,Storage Home Model-186,Home & Kitchen,Storage,13303.11,9046.11,KitchenCraft Suppliers
PRD00187,Cookware Home Model-187,Home & Kitchen,Cookware,500.44,340.3,KitchenCraft Suppliers
PRD00188,Storage Home Model-188,Home & Kitchen,Storage,8201.95,5577.33,HomeEssentials Pvt Ltd
PRD00189,Furniture Home Model-189,Home & Kitchen,Furniture,24825.52,16881.35,HomeEssentials Pvt Ltd
PRD00190,Storage Home Model-190,Home & Kitchen,Storage,17445.89,11863.21,KitchenCraft Suppliers
PRD00191,Cookware Home Model-191,Home & Kitchen,Cookware,15808.72,10749.93,KitchenCraft Suppliers
PRD00192,Storage Home Model-192,Home & Kitchen,Storage,24896.61,16929.69,KitchenCraft Suppliers
PRD00193,Furniture Home Model-193,Home & Kitchen,Furniture,22548.62,15333.06,HomeEssentials Pvt Ltd
PRD00194,Furniture Home Model-194,Home & Kitchen,Furniture,23975.78,16303.53,KitchenCraft Suppliers
PRD00195,Storage Home Model-195,Home & Kitchen,Storage,11499.74,7819.82,HomeEssentials Pvt Ltd
PRD00196,Furniture Home Model-196,Home & Kitchen,Furniture,4407.23,2996.92,KitchenCraft Suppliers
PRD00197,Cookware Home Model-197,Home & Kitchen,Cookware,8962.49,6094.49,KitchenCraft Suppliers
PRD00198,Cookware Home Model-198,Home & Kitchen,Cookware,9135.92,6212.43,HomeEssentials Pvt Ltd
PRD00199,Home Home Model-199,Home & Kitchen,Home Decor,17514.11,11909.59,HomeEssentials Pvt Ltd
PRD00200,Storage Home Model-200,Home & Kitchen,Storage,10397.34,7070.19,HomeEssentials Pvt Ltd
PRD00201,Cookware Home Model-201,Home & Kitchen,Cookware,4232.06,2877.8,HomeEssentials Pvt Ltd
PRD00202,Storage Home Model-202,Home & Kitchen,Storage,23525.13,15997.09,HomeEssentials Pvt Ltd
PRD00203,Storage Home Model-203,Home & Kitchen,Storage,15412.31,10480.37,HomeEssentials Pvt Ltd
PRD00204,Cookware Home Model-204,Home & Kitchen,Cookware,21941.08,14919.93,HomeEssentials Pvt Ltd
PRD00205,Storage Home Model-205,Home & Kitchen,Storage,852.93,579.99,HomeEssentials Pvt Ltd
PRD00206,Furniture Home Model-206,Home & Kitchen,Furniture,12112.66,8236.61,HomeEssentials Pvt Ltd
PRD00207,Home Home Model-207,Home & Kitchen,Home Decor,14934.04,10155.15,HomeEssentials Pvt Ltd
PRD00208,Cookware Home Model-208,Home & Kitchen,Cookware,20763.1,14118.91,HomeEssentials Pvt Ltd
PRD00209,Home Home Model-209,Home & Kitchen,Home Decor,11823.06,8039.68,KitchenCraft Suppliers
PRD00210,Furniture Home Model-210,Home & Kitchen,Furniture,538.08,365.89,HomeEssentials Pvt Ltd
PRD00211,Cookware Home Model-211,Home & Kitchen,Cookware,20359.76,13844.64,KitchenCraft Suppliers
PRD00212,Cookware Home Model-212,Home & Kitchen,Cookware,22846.42,15535.57,KitchenCraft Suppliers
PRD00213,Cookware Home Model-213,Home & Kitchen,Cookware,23630.13,16068.49,HomeEssentials Pvt Ltd
PRD00214,Storage Home Model-214,Home & Kitchen,Storage,6178.14,4201.14,KitchenCraft Suppliers
PRD00215,Home Home Model-215,Home & Kitchen,Home Decor,23860.42,16225.09,HomeEssentials Pvt Ltd
PRD00216,Furniture Home Model-216,Home & Kitchen,Furniture,21979.75,14946.23,HomeEssentials Pvt Ltd
PRD00217,Storage Home Model-217,Home & Kitchen,Storage,9081.79,6175.62,KitchenCraft Suppliers
PRD00218,Furniture Home Model-218,Home & Kitchen,Furniture,12553.99,8536.71,KitchenCraft Suppliers
PRD00219,Home Home Model-219,Home & Kitchen,Home Decor,13099.57,8907.71,KitchenCraft Suppliers
PRD00220,Cookware Home Model-220,Home & Kitchen,Cookware,24205.72,16459.89,HomeEssentials Pvt Ltd
PRD00221,Cookware Home Model-221,Home & Kitchen,Cookware,10205.78,6939.93,HomeEssentials Pvt Ltd
PRD00222,Home Home Model-222,Home & Kitchen,Home Decor,10628.71,7227.52,HomeEssentials Pvt Ltd
PRD00223,Storage Home Model-223,Home & Kitchen,Storage,17660.88,12009.4,KitchenCraft Suppliers
PRD00224,Home Home Model-224,Home & Kitchen,Home Decor,15507.76,10545.28,KitchenCraft Suppliers
PRD00225,Cookware Home Model-225,Home & Kitchen,Cookware,14829.55,10084.09,HomeEssentials Pvt Ltd
PRD00226,Furniture Home Model-226,Home & Kitchen,Furniture,2455.94,1670.04,KitchenCraft Suppliers
PRD00227,Cookware Home Model-227,Home & Kitchen,Cookware,12946.45,8803.59,KitchenCraft Suppliers
PRD00228,Storage Home Model-228,Home & Kitchen,Storage,15627.37,10626.61,HomeEssentials Pvt Ltd
PRD00229,Cookware Home Model-229,Home & Kitchen,Cookware,19952.3,13567.56,HomeEssentials Pvt Ltd
PRD00230,Storage Home Model-230,Home & Kitchen,Storage,12403.98,8434.71,KitchenCraft Suppliers
PRD00231,Furniture Home Model-231,Home & Kitchen,Furniture,24504.79,16663.26,KitchenCraft Suppliers
PRD00232,Furniture Home Model-232,Home & Kitchen,Furniture,5385.65,3662.24,KitchenCraft Suppliers
PRD00233,Storage Home Model-233,Home & Kitchen,Storage,2080.49,1414.73,KitchenCraft Suppliers
PRD00234,Cookware Home Model-234,Home & Kitchen,Cookware,14701.78,9997.21,KitchenCraft Suppliers
PRD00235,Cookware Home Model-235,Home & Kitchen,Cookware,16093.33,10943.46,KitchenCraft Suppliers
PRD00236,Furniture Home Model-236,Home & Kitchen,Furniture,10408.61,7077.85,HomeEssentials Pvt Ltd
PRD00237,Home Home Model-237,Home & Kitchen,Home Decor,16755.1,11393.47,HomeEssentials Pvt Ltd
PRD00238,Storage Home Model-238,Home & Kitchen,Storage,5750.68,3910.46,HomeEssentials Pvt Ltd
PRD00239,Home Home Model-239,Home & Kitchen,Home Decor,7108.32,4833.66,KitchenCraft Suppliers
PRD00240,Cookware Home Model-240,Home & Kitchen,Cookware,13807.69,9389.23,KitchenCraft Suppliers
PRD00241,Furniture Home Model-241,Home & Kitchen,Furniture,5316.28,3615.07,HomeEssentials Pvt Ltd
PRD00242,Storage Home Model-242,Home & Kitchen,Storage,8385.8,5702.34,KitchenCraft Suppliers
PRD00243,Furniture Home Model-243,Home & Kitchen,Furniture,20025.18,13617.12,KitchenCraft Suppliers
PRD00244,Storage Home Model-244,Home & Kitchen,Storage,12888.61,8764.25,KitchenCraft Suppliers
PRD00245,Cookware Home Model-245,Home & Kitchen,Cookware,1713.79,1165.38,KitchenCraft Suppliers
PRD00246,Storage Home Model-246,Home & Kitchen,Storage,2295.11,1560.67,HomeEssentials Pvt Ltd
PRD00247,Home Home Model-247,Home & Kitchen,Home Decor,5391.07,3665.93,HomeEssentials Pvt Ltd
PRD00248,Storage Home Model-248,Home & Kitchen,Storage,6054.93,4117.35,KitchenCraft Suppliers
PRD00249,Storage Home Model-249,Home & Kitchen,Storage,11670.32,7935.82,KitchenCraft Suppliers
PRD00250,Beverages Grocery Model-250,Grocery,Beverages,194.33,132.14,FreshMart Supply Chain
PRD00251,Personal Grocery Model-251,Grocery,Personal Care,1076.34,731.91,DailyNeeds Distributors
PRD00252,Snacks Grocery Model-252,Grocery,Snacks,55.96,38.05,FreshMart Supply Chain
PRD00253,Snacks Grocery Model-253,Grocery,Snacks,648.49,440.97,DailyNeeds Distributors
PRD00254,Staples Grocery Model-254,Grocery,Staples,465.2,316.34,FreshMart Supply Chain
PRD00255,Staples Grocery Model-255,Grocery,Staples,1012.04,688.19,DailyNeeds Distributors
PRD00256,Snacks Grocery Model-256,Grocery,Snacks,161.32,109.7,DailyNeeds Distributors
PRD00257,Personal Grocery Model-257,Grocery,Personal Care,579.28,393.91,DailyNeeds Distributors
PRD00258,Beverages Grocery Model-258,Grocery,Beverages,608.16,413.55,FreshMart Supply Chain
PRD00259,Beverages Grocery Model-259,Grocery,Beverages,889.45,604.83,FreshMart Supply Chain
PRD00260,Snacks Grocery Model-260,Grocery,Snacks,529.36,359.96,DailyNeeds Distributors
PRD00261,Staples Grocery Model-261,Grocery,Staples,418.19,284.37,DailyNeeds Distributors
PRD00262,Snacks Grocery Model-262,Grocery,Snacks,693.52,471.59,FreshMart Supply Chain
PRD00263,Beverages Grocery Model-263,Grocery,Beverages,409.81,278.67,DailyNeeds Distributors
PRD00264,Personal Grocery Model-264,Grocery,Personal Care,140.1,95.27,DailyNeeds Distributors
PRD00265,Snacks Grocery Model-265,Grocery,Snacks,595.62,405.02,FreshMart Supply Chain
PRD00266,Personal Grocery Model-266,Grocery,Personal Care,356.41,242.36,DailyNeeds Distributors
PRD00267,Personal Grocery Model-267,Grocery,Personal Care,1013.93,689.47,DailyNeeds Distributors
PRD00268,Personal Grocery Model-268,Grocery,Personal Care,504.27,342.9,DailyNeeds Distributors
PRD00269,Staples Grocery Model-269,Grocery,Staples,1078.0,733.04,DailyNeeds Distributors
PRD00270,Snacks Grocery Model-270,Grocery,Snacks,1041.3,708.08,DailyNeeds Distributors
PRD00271,Beverages Grocery Model-271,Grocery,Beverages,599.08,407.37,DailyNeeds Distributors
PRD00272,Beverages Grocery Model-272,Grocery,Beverages,1116.66,759.33,FreshMart Supply Chain
PRD00273,Beverages Grocery Model-273,Grocery,Beverages,582.41,396.04,DailyNeeds Distributors
PRD00274,Personal Grocery Model-274,Grocery,Personal Care,240.71,163.68,DailyNeeds Distributors
PRD00275,Beverages Grocery Model-275,Grocery,Beverages,255.42,173.69,DailyNeeds Distributors
PRD00276,Personal Grocery Model-276,Grocery,Personal Care,155.51,105.75,FreshMart Supply Chain
PRD00277,Staples Grocery Model-277,Grocery,Staples,123.0,83.64,FreshMart Supply Chain
PRD00278,Beverages Grocery Model-278,Grocery,Beverages,587.75,399.67,DailyNeeds Distributors
PRD00279,Staples Grocery Model-279,Grocery,Staples,455.69,309.87,FreshMart Supply Chain
PRD00280,Snacks Grocery Model-280,Grocery,Snacks,94.78,64.45,DailyNeeds Distributors
PRD00281,Personal Grocery Model-281,Grocery,Personal Care,827.79,562.9,FreshMart Supply Chain
PRD00282,Staples Grocery Model-282,Grocery,Staples,824.17,560.44,DailyNeeds Distributors
PRD00283,Snacks Grocery Model-283,Grocery,Snacks,578.34,393.27,FreshMart Supply Chain
PRD00284,Snacks Grocery Model-284,Grocery,Snacks,431.66,293.53,FreshMart Supply Chain
PRD00285,Beverages Grocery Model-285,Grocery,Beverages,900.25,612.17,FreshMart Supply Chain
PRD00286,Staples Grocery Model-286,Grocery,Staples,882.42,600.05,DailyNeeds Distributors
PRD00287,Personal Grocery Model-287,Grocery,Personal Care,467.49,317.89,FreshMart Supply Chain
PRD00288,Staples Grocery Model-288,Grocery,Staples,697.88,474.56,DailyNeeds Distributors
PRD00289,Snacks Grocery Model-289,Grocery,Snacks,996.97,677.94,FreshMart Supply Chain
PRD00290,Staples Grocery Model-290,Grocery,Staples,213.11,144.91,FreshMart Supply Chain
PRD00291,Personal Grocery Model-291,Grocery,Personal Care,298.12,202.72,DailyNeeds Distributors
PRD00292,Personal Grocery Model-292,Grocery,Personal Care,443.42,301.53,FreshMart Supply Chain
PRD00293,Staples Grocery Model-293,Grocery,Staples,825.92,561.63,DailyNeeds Distributors
PRD00294,Snacks Grocery Model-294,Grocery,Snacks,464.79,316.06,DailyNeeds Distributors
PRD00295,Staples Grocery Model-295,Grocery,Staples,656.94,446.72,FreshMart Supply Chain
PRD00296,Personal Grocery Model-296,Grocery,Personal Care,439.33,298.74,DailyNeeds Distributors
PRD00297,Staples Grocery Model-297,Grocery,Staples,661.39,449.75,FreshMart Supply Chain
PRD00298,Staples Grocery Model-298,Grocery,Staples,660.56,449.18,FreshMart Supply Chain
PRD00299,Snacks Grocery Model-299,Grocery,Snacks,760.7,517.28,FreshMart Supply Chain
PRD00300,Staples Grocery Model-300,Grocery,Staples,216.74,147.38,DailyNeeds Distributors
PRD00301,Snacks Grocery Model-301,Grocery,Snacks,649.48,441.65,DailyNeeds Distributors
PRD00302,Personal Grocery Model-302,Grocery,Personal Care,1197.28,814.15,FreshMart Supply Chain
PRD00303,Snacks Grocery Model-303,Grocery,Snacks,897.86,610.54,FreshMart Supply Chain
PRD00304,Beverages Grocery Model-304,Grocery,Beverages,862.6,586.57,FreshMart Supply Chain
PRD00305,Personal Grocery Model-305,Grocery,Personal Care,423.66,288.09,FreshMart Supply Chain
PRD00306,Personal Grocery Model-306,Grocery,Personal Care,467.01,317.57,FreshMart Supply Chain
PRD00307,Staples Grocery Model-307,Grocery,Staples,488.8,332.38,FreshMart Supply Chain
PRD00308,Snacks Grocery Model-308,Grocery,Snacks,593.9,403.85,FreshMart Supply Chain
PRD00309,Snacks Grocery Model-309,Grocery,Snacks,869.64,591.36,DailyNeeds Distributors
PRD00310,Staples Grocery Model-310,Grocery,Staples,687.3,467.36,DailyNeeds Distributors
PRD00311,Beverages Grocery Model-311,Grocery,Beverages,427.92,290.99,DailyNeeds Distributors
PRD00312,Staples Grocery Model-312,Grocery,Staples,424.18,288.44,FreshMart Supply Chain
PRD00313,Snacks Grocery Model-313,Grocery,Snacks,565.17,384.32,DailyNeeds Distributors
PRD00314,Personal Grocery Model-314,Grocery,Personal Care,1095.99,745.27,DailyNeeds Distributors
PRD00315,Snacks Grocery Model-315,Grocery,Snacks,741.52,504.23,DailyNeeds Distributors
PRD00316,Staples Grocery Model-316,Grocery,Staples,719.7,489.4,FreshMart Supply Chain
PRD00317,Staples Grocery Model-317,Grocery,Staples,952.3,647.56,FreshMart Supply Chain
PRD00318,Staples Grocery Model-318,Grocery,Staples,200.0,136.0,DailyNeeds Distributors
PRD00319,Personal Grocery Model-319,Grocery,Personal Care,101.33,68.9,DailyNeeds Distributors
PRD00320,Personal Grocery Model-320,Grocery,Personal Care,1122.55,763.33,FreshMart Supply Chain
PRD00321,Beverages Grocery Model-321,Grocery,Beverages,164.92,112.15,FreshMart Supply Chain
PRD00322,Beverages Grocery Model-322,Grocery,Beverages,1009.9,686.73,DailyNeeds Distributors
PRD00323,Snacks Grocery Model-323,Grocery,Snacks,411.93,280.11,FreshMart Supply Chain
PRD00324,Snacks Grocery Model-324,Grocery,Snacks,717.71,488.04,DailyNeeds Distributors
PRD00325,Personal Grocery Model-325,Grocery,Personal Care,898.21,610.78,FreshMart Supply Chain
PRD00326,Staples Grocery Model-326,Grocery,Staples,25.47,17.32,DailyNeeds Distributors
PRD00327,Staples Grocery Model-327,Grocery,Staples,509.12,346.2,FreshMart Supply Chain
PRD00328,Beverages Grocery Model-328,Grocery,Beverages,428.69,291.51,FreshMart Supply Chain
PRD00329,Snacks Grocery Model-329,Grocery,Snacks,1103.78,750.57,DailyNeeds Distributors
PRD00330,Staples Grocery Model-330,Grocery,Staples,553.88,376.64,FreshMart Supply Chain
PRD00331,Personal Grocery Model-331,Grocery,Personal Care,701.61,477.09,FreshMart Supply Chain
PRD00332,Snacks Grocery Model-332,Grocery,Snacks,1099.52,747.67,FreshMart Supply Chain
PRD00333,Outdoor Sports Model-333,Sports & Fitness,Outdoor Sports,4271.45,2904.59,SportsPoint Wholesale
PRD00334,Outdoor Sports Model-334,Sports & Fitness,Outdoor Sports,10003.19,6802.17,FitGear Traders
PRD00335,Outdoor Sports Model-335,Sports & Fitness,Outdoor Sports,6965.45,4736.51,SportsPoint Wholesale
PRD00336,Outdoor Sports Model-336,Sports & Fitness,Outdoor Sports,1416.53,963.24,FitGear Traders
PRD00337,Gym Sports Model-337,Sports & Fitness,Gym Equipment,4598.3,3126.84,SportsPoint Wholesale
PRD00338,Outdoor Sports Model-338,Sports & Fitness,Outdoor Sports,6487.24,4411.32,SportsPoint Wholesale
PRD00339,Outdoor Sports Model-339,Sports & Fitness,Outdoor Sports,3195.53,2172.96,SportsPoint Wholesale
PRD00340,Outdoor Sports Model-340,Sports & Fitness,Outdoor Sports,5758.61,3915.85,SportsPoint Wholesale
PRD00341,Yoga Sports Model-341,Sports & Fitness,Yoga & Wellness,1124.84,764.89,FitGear Traders
PRD00342,Yoga Sports Model-342,Sports & Fitness,Yoga & Wellness,7985.1,5429.87,SportsPoint Wholesale
PRD00343,Outdoor Sports Model-343,Sports & Fitness,Outdoor Sports,6100.73,4148.5,SportsPoint Wholesale
PRD00344,Gym Sports Model-344,Sports & Fitness,Gym Equipment,1678.38,1141.3,FitGear Traders
PRD00345,Yoga Sports Model-345,Sports & Fitness,Yoga & Wellness,14199.76,9655.84,FitGear Traders
PRD00346,Outdoor Sports Model-346,Sports & Fitness,Outdoor Sports,13476.74,9164.18,FitGear Traders
PRD00347,Gym Sports Model-347,Sports & Fitness,Gym Equipment,14687.11,9987.23,SportsPoint Wholesale
PRD00348,Outdoor Sports Model-348,Sports & Fitness,Outdoor Sports,9934.68,6755.58,SportsPoint Wholesale
PRD00349,Outdoor Sports Model-349,Sports & Fitness,Outdoor Sports,3919.5,2665.26,FitGear Traders
PRD00350,Yoga Sports Model-350,Sports & Fitness,Yoga & Wellness,441.72,300.37,FitGear Traders
PRD00351,Outdoor Sports Model-351,Sports & Fitness,Outdoor Sports,8605.81,5851.95,SportsPoint Wholesale
PRD00352,Yoga Sports Model-352,Sports & Fitness,Yoga & Wellness,3686.25,2506.65,SportsPoint Wholesale
PRD00353,Gym Sports Model-353,Sports & Fitness,Gym Equipment,14832.61,10086.17,FitGear Traders
PRD00354,Outdoor Sports Model-354,Sports & Fitness,Outdoor Sports,12478.6,8485.45,SportsPoint Wholesale
PRD00355,Yoga Sports Model-355,Sports & Fitness,Yoga & Wellness,2244.21,1526.06,SportsPoint Wholesale
PRD00356,Gym Sports Model-356,Sports & Fitness,Gym Equipment,13460.48,9153.13,FitGear Traders
PRD00357,Gym Sports Model-357,Sports & Fitness,Gym Equipment,11077.92,7532.99,SportsPoint Wholesale
PRD00358,Gym Sports Model-358,Sports & Fitness,Gym Equipment,2843.5,1933.58,FitGear Traders
PRD00359,Gym Sports Model-359,Sports & Fitness,Gym Equipment,10603.3,7210.24,FitGear Traders
PRD00360,Gym Sports Model-360,Sports & Fitness,Gym Equipment,5225.33,3553.22,SportsPoint Wholesale
PRD00361,Gym Sports Model-361,Sports & Fitness,Gym Equipment,5540.79,3767.74,SportsPoint Wholesale
PRD00362,Outdoor Sports Model-362,Sports & Fitness,Outdoor Sports,9418.24,6404.4,SportsPoint Wholesale
PRD00363,Yoga Sports Model-363,Sports & Fitness,Yoga & Wellness,5536.32,3764.7,SportsPoint Wholesale
PRD00364,Outdoor Sports Model-364,Sports & Fitness,Outdoor Sports,14234.48,9679.45,SportsPoint Wholesale
PRD00365,Gym Sports Model-365,Sports & Fitness,Gym Equipment,1845.55,1254.97,SportsPoint Wholesale
PRD00366,Yoga Sports Model-366,Sports & Fitness,Yoga & Wellness,13434.0,9135.12,FitGear Traders
PRD00367,Outdoor Sports Model-367,Sports & Fitness,Outdoor Sports,7348.44,4996.94,FitGear Traders
PRD00368,Gym Sports Model-368,Sports & Fitness,Gym Equipment,8192.81,5571.11,FitGear Traders
PRD00369,Gym Sports Model-369,Sports & Fitness,Gym Equipment,3386.86,2303.06,SportsPoint Wholesale
PRD00370,Yoga Sports Model-370,Sports & Fitness,Yoga & Wellness,14768.36,10042.48,FitGear Traders
PRD00371,Gym Sports Model-371,Sports & Fitness,Gym Equipment,10414.34,7081.75,SportsPoint Wholesale
PRD00372,Yoga Sports Model-372,Sports & Fitness,Yoga & Wellness,13727.25,9334.53,SportsPoint Wholesale
PRD00373,Yoga Sports Model-373,Sports & Fitness,Yoga & Wellness,7546.15,5131.38,SportsPoint Wholesale
PRD00374,Gym Sports Model-374,Sports & Fitness,Gym Equipment,9823.24,6679.8,FitGear Traders
PRD00375,Yoga Sports Model-375,Sports & Fitness,Yoga & Wellness,1731.8,1177.62,FitGear Traders
PRD00376,Gym Sports Model-376,Sports & Fitness,Gym Equipment,13515.18,9190.32,SportsPoint Wholesale
PRD00377,Yoga Sports Model-377,Sports & Fitness,Yoga & Wellness,3872.6,2633.37,SportsPoint Wholesale
PRD00378,Outdoor Sports Model-378,Sports & Fitness,Outdoor Sports,2753.44,1872.34,SportsPoint Wholesale
PRD00379,Yoga Sports Model-379,Sports & Fitness,Yoga & Wellness,6154.47,4185.04,FitGear Traders
PRD00380,Gym Sports Model-380,Sports & Fitness,Gym Equipment,846.49,575.61,FitGear Traders
PRD00381,Gym Sports Model-381,Sports & Fitness,Gym Equipment,2887.09,1963.22,SportsPoint Wholesale
PRD00382,Outdoor Sports Model-382,Sports & Fitness,Outdoor Sports,3792.68,2579.02,FitGear Traders
PRD00383,Outdoor Sports Model-383,Sports & Fitness,Outdoor Sports,6641.76,4516.4,SportsPoint Wholesale
PRD00384,Gym Sports Model-384,Sports & Fitness,Gym Equipment,4561.55,3101.85,SportsPoint Wholesale
PRD00385,Outdoor Sports Model-385,Sports & Fitness,Outdoor Sports,6039.64,4106.96,FitGear Traders
PRD00386,Yoga Sports Model-386,Sports & Fitness,Yoga & Wellness,11028.43,7499.33,SportsPoint Wholesale
PRD00387,Gym Sports Model-387,Sports & Fitness,Gym Equipment,8166.21,5553.02,FitGear Traders
PRD00388,Yoga Sports Model-388,Sports & Fitness,Yoga & Wellness,912.72,620.65,FitGear Traders
PRD00389,Gym Sports Model-389,Sports & Fitness,Gym Equipment,2446.04,1663.31,FitGear Traders
PRD00390,Gym Sports Model-390,Sports & Fitness,Gym Equipment,1732.09,1177.82,SportsPoint Wholesale
PRD00391,Gym Sports Model-391,Sports & Fitness,Gym Equipment,6279.4,4269.99,SportsPoint Wholesale
PRD00392,Outdoor Sports Model-392,Sports & Fitness,Outdoor Sports,6606.62,4492.5,FitGear Traders
PRD00393,Outdoor Sports Model-393,Sports & Fitness,Outdoor Sports,1303.89,886.65,SportsPoint Wholesale
PRD00394,Yoga Sports Model-394,Sports & Fitness,Yoga & Wellness,4190.63,2849.63,SportsPoint Wholesale
PRD00395,Yoga Sports Model-395,Sports & Fitness,Yoga & Wellness,4821.07,3278.33,FitGear Traders
PRD00396,Outdoor Sports Model-396,Sports & Fitness,Outdoor Sports,2180.89,1483.01,SportsPoint Wholesale
PRD00397,Yoga Sports Model-397,Sports & Fitness,Yoga & Wellness,7890.84,5365.77,FitGear Traders
PRD00398,Outdoor Sports Model-398,Sports & Fitness,Outdoor Sports,13113.12,8916.92,SportsPoint Wholesale
PRD00399,Yoga Sports Model-399,Sports & Fitness,Yoga & Wellness,11421.44,7766.58,FitGear Traders
PRD00400,Outdoor Sports Model-400,Sports & Fitness,Outdoor Sports,12760.4,8677.07,FitGear Traders
PRD00401,Gym Sports Model-401,Sports & Fitness,Gym Equipment,9752.62,6631.78,FitGear Traders
PRD00402,Yoga Sports Model-402,Sports & Fitness,Yoga & Wellness,14169.23,9635.08,SportsPoint Wholesale
PRD00403,Outdoor Sports Model-403,Sports & Fitness,Outdoor Sports,8885.31,6042.01,SportsPoint Wholesale
PRD00404,Outdoor Sports Model-404,Sports & Fitness,Outdoor Sports,8583.55,5836.81,FitGear Traders
PRD00405,Gym Sports Model-405,Sports & Fitness,Gym Equipment,1938.88,1318.44,SportsPoint Wholesale
PRD00406,Outdoor Sports Model-406,Sports & Fitness,Outdoor Sports,13877.21,9436.5,SportsPoint Wholesale
PRD00407,Yoga Sports Model-407,Sports & Fitness,Yoga & Wellness,11960.62,8133.22,SportsPoint Wholesale
PRD00408,Outdoor Sports Model-408,Sports & Fitness,Outdoor Sports,12691.4,8630.15,SportsPoint Wholesale
PRD00409,Outdoor Sports Model-409,Sports & Fitness,Outdoor Sports,9721.16,6610.39,FitGear Traders
PRD00410,Gym Sports Model-410,Sports & Fitness,Gym Equipment,3564.86,2424.1,FitGear Traders
PRD00411,Gym Sports Model-411,Sports & Fitness,Gym Equipment,13292.11,9038.63,FitGear Traders
PRD00412,Gym Sports Model-412,Sports & Fitness,Gym Equipment,6156.01,4186.09,FitGear Traders
PRD00413,Yoga Sports Model-413,Sports & Fitness,Yoga & Wellness,8160.99,5549.47,SportsPoint Wholesale
PRD00414,Outdoor Sports Model-414,Sports & Fitness,Outdoor Sports,11106.9,7552.69,SportsPoint Wholesale
PRD00415,Yoga Sports Model-415,Sports & Fitness,Yoga & Wellness,9295.18,6320.72,FitGear Traders
PRD00416,Academic Books Model-416,Books & Stationery,Academic,1181.22,803.23,OfficeMart Supplies
PRD00417,Academic Books Model-417,Books & Stationery,Academic,2192.89,1491.17,PageTurner Distributors
PRD00418,Fiction Books Model-418,Books & Stationery,Fiction,2334.78,1587.65,OfficeMart Supplies
PRD00419,Office Books Model-419,Books & Stationery,Office Supplies,908.59,617.84,PageTurner Distributors
PRD00420,Academic Books Model-420,Books & Stationery,Academic,141.15,95.98,PageTurner Distributors
PRD00421,Fiction Books Model-421,Books & Stationery,Fiction,2190.38,1489.46,PageTurner Distributors
PRD00422,Office Books Model-422,Books & Stationery,Office Supplies,273.76,186.16,OfficeMart Supplies
PRD00423,Office Books Model-423,Books & Stationery,Office Supplies,1856.81,1262.63,PageTurner Distributors
PRD00424,Fiction Books Model-424,Books & Stationery,Fiction,1194.38,812.18,OfficeMart Supplies
PRD00425,Academic Books Model-425,Books & Stationery,Academic,1802.82,1225.92,PageTurner Distributors
PRD00426,Office Books Model-426,Books & Stationery,Office Supplies,92.81,63.11,PageTurner Distributors
PRD00427,Fiction Books Model-427,Books & Stationery,Fiction,317.31,215.77,OfficeMart Supplies
PRD00428,Fiction Books Model-428,Books & Stationery,Fiction,583.94,397.08,PageTurner Distributors
PRD00429,Academic Books Model-429,Books & Stationery,Academic,683.77,464.96,OfficeMart Supplies
PRD00430,Office Books Model-430,Books & Stationery,Office Supplies,2203.72,1498.53,PageTurner Distributors
PRD00431,Fiction Books Model-431,Books & Stationery,Fiction,2264.03,1539.54,OfficeMart Supplies
PRD00432,Office Books Model-432,Books & Stationery,Office Supplies,2478.35,1685.28,PageTurner Distributors
PRD00433,Academic Books Model-433,Books & Stationery,Academic,2102.51,1429.71,PageTurner Distributors
PRD00434,Academic Books Model-434,Books & Stationery,Academic,1305.6,887.81,PageTurner Distributors
PRD00435,Academic Books Model-435,Books & Stationery,Academic,990.41,673.48,PageTurner Distributors
PRD00436,Academic Books Model-436,Books & Stationery,Academic,1959.76,1332.64,PageTurner Distributors
PRD00437,Fiction Books Model-437,Books & Stationery,Fiction,1592.59,1082.96,PageTurner Distributors
PRD00438,Office Books Model-438,Books & Stationery,Office Supplies,2322.92,1579.59,PageTurner Distributors
PRD00439,Office Books Model-439,Books & Stationery,Office Supplies,686.83,467.04,OfficeMart Supplies
PRD00440,Academic Books Model-440,Books & Stationery,Academic,1754.95,1193.37,OfficeMart Supplies
PRD00441,Office Books Model-441,Books & Stationery,Office Supplies,1184.75,805.63,OfficeMart Supplies
PRD00442,Office Books Model-442,Books & Stationery,Office Supplies,1365.12,928.28,PageTurner Distributors
PRD00443,Academic Books Model-443,Books & Stationery,Academic,2157.17,1466.88,OfficeMart Supplies
PRD00444,Fiction Books Model-444,Books & Stationery,Fiction,699.99,475.99,OfficeMart Supplies
PRD00445,Academic Books Model-445,Books & Stationery,Academic,157.77,107.28,OfficeMart Supplies
PRD00446,Office Books Model-446,Books & Stationery,Office Supplies,2033.12,1382.52,OfficeMart Supplies
PRD00447,Academic Books Model-447,Books & Stationery,Academic,1851.01,1258.69,OfficeMart Supplies
PRD00448,Academic Books Model-448,Books & Stationery,Academic,962.46,654.47,PageTurner Distributors
PRD00449,Office Books Model-449,Books & Stationery,Office Supplies,168.57,114.63,PageTurner Distributors
PRD00450,Office Books Model-450,Books & Stationery,Office Supplies,588.67,400.3,OfficeMart Supplies
PRD00451,Office Books Model-451,Books & Stationery,Office Supplies,2479.11,1685.79,PageTurner Distributors
PRD00452,Academic Books Model-452,Books & Stationery,Academic,1226.92,834.31,PageTurner Distributors
PRD00453,Academic Books Model-453,Books & Stationery,Academic,1449.3,985.52,PageTurner Distributors
PRD00454,Fiction Books Model-454,Books & Stationery,Fiction,1435.61,976.21,OfficeMart Supplies
PRD00455,Fiction Books Model-455,Books & Stationery,Fiction,1326.61,902.09,PageTurner Distributors
PRD00456,Fiction Books Model-456,Books & Stationery,Fiction,2133.78,1450.97,OfficeMart Supplies
PRD00457,Office Books Model-457,Books & Stationery,Office Supplies,867.66,590.01,OfficeMart Supplies
PRD00458,Office Books Model-458,Books & Stationery,Office Supplies,1716.03,1166.9,OfficeMart Supplies
PRD00459,Office Books Model-459,Books & Stationery,Office Supplies,512.78,348.69,OfficeMart Supplies
PRD00460,Office Books Model-460,Books & Stationery,Office Supplies,2185.89,1486.41,PageTurner Distributors
PRD00461,Office Books Model-461,Books & Stationery,Office Supplies,61.61,41.89,PageTurner Distributors
PRD00462,Academic Books Model-462,Books & Stationery,Academic,1871.34,1272.51,OfficeMart Supplies
PRD00463,Academic Books Model-463,Books & Stationery,Academic,1412.2,960.3,PageTurner Distributors
PRD00464,Academic Books Model-464,Books & Stationery,Academic,64.65,43.96,PageTurner Distributors
PRD00465,Academic Books Model-465,Books & Stationery,Academic,849.09,577.38,OfficeMart Supplies
PRD00466,Office Books Model-466,Books & Stationery,Office Supplies,685.78,466.33,PageTurner Distributors
PRD00467,Academic Books Model-467,Books & Stationery,Academic,2055.58,1397.79,OfficeMart Supplies
PRD00468,Fiction Books Model-468,Books & Stationery,Fiction,1914.28,1301.71,PageTurner Distributors
PRD00469,Fiction Books Model-469,Books & Stationery,Fiction,2108.14,1433.54,OfficeMart Supplies
PRD00470,Office Books Model-470,Books & Stationery,Office Supplies,2333.4,1586.71,OfficeMart Supplies
PRD00471,Fiction Books Model-471,Books & Stationery,Fiction,474.87,322.91,OfficeMart Supplies
PRD00472,Fiction Books Model-472,Books & Stationery,Fiction,786.66,534.93,PageTurner Distributors
PRD00473,Office Books Model-473,Books & Stationery,Office Supplies,1785.71,1214.28,PageTurner Distributors
PRD00474,Office Books Model-474,Books & Stationery,Office Supplies,1570.86,1068.18,OfficeMart Supplies
PRD00475,Fiction Books Model-475,Books & Stationery,Fiction,2475.85,1683.58,PageTurner Distributors
PRD00476,Fiction Books Model-476,Books & Stationery,Fiction,1886.4,1282.75,PageTurner Distributors
PRD00477,Fiction Books Model-477,Books & Stationery,Fiction,989.23,672.68,PageTurner Distributors
PRD00478,Office Books Model-478,Books & Stationery,Office Supplies,842.17,572.68,OfficeMart Supplies
PRD00479,Fiction Books Model-479,Books & Stationery,Fiction,667.9,454.17,OfficeMart Supplies
PRD00480,Fiction Books Model-480,Books & Stationery,Fiction,719.66,489.37,PageTurner Distributors
PRD00481,Fiction Books Model-481,Books & Stationery,Fiction,299.48,203.65,PageTurner Distributors
PRD00482,Office Books Model-482,Books & Stationery,Office Supplies,1997.08,1358.01,PageTurner Distributors
PRD00483,Fiction Books Model-483,Books & Stationery,Fiction,2107.71,1433.24,PageTurner Distributors
PRD00484,Fiction Books Model-484,Books & Stationery,Fiction,1653.21,1124.18,PageTurner Distributors
PRD00485,Fiction Books Model-485,Books & Stationery,Fiction,2409.89,1638.73,PageTurner Distributors
PRD00486,Fiction Books Model-486,Books & Stationery,Fiction,2278.24,1549.2,PageTurner Distributors
PRD00487,Fiction Books Model-487,Books & Stationery,Fiction,1023.5,695.98,PageTurner Distributors
PRD00488,Fiction Books Model-488,Books & Stationery,Fiction,813.59,553.24,PageTurner Distributors
PRD00489,Office Books Model-489,Books & Stationery,Office Supplies,612.62,416.58,OfficeMart Supplies
PRD00490,Academic Books Model-490,Books & Stationery,Academic,2176.77,1480.2,OfficeMart Supplies
PRD00491,Academic Books Model-491,Books & Stationery,Academic,2167.54,1473.93,PageTurner Distributors
PRD00492,Fiction Books Model-492,Books & Stationery,Fiction,439.31,298.73,PageTurner Distributors
PRD00493,Office Books Model-493,Books & Stationery,Office Supplies,1952.44,1327.66,OfficeMart Supplies
PRD00494,Office Books Model-494,Books & Stationery,Office Supplies,1348.9,917.25,OfficeMart Supplies
PRD00495,Fiction Books Model-495,Books & Stationery,Fiction,370.68,252.06,PageTurner Distributors
PRD00496,Office Books Model-496,Books & Stationery,Office Supplies,2420.37,1645.85,PageTurner Distributors
PRD00497,Academic Books Model-497,Books & Stationery,Academic,1229.21,835.86,PageTurner Distributors
PRD00498,Academic Books Model-498,Books & Stationery,Academic,1537.51,1045.51,OfficeMart Supplies
